filename,weight,comment,date_order
__meta,, ,desc
IMG_0974.JPG,end,"ExWHYZ / maho<br>REVENGE TOUR 'Wide Open Again'<br>2026.03.08 at CLUB JUNK BOX<br>",
DSCF0906.JPG,end,"ExWHYZ / maho<br>'GIVE YOU MY WORD' Release Event<br>2026.02.23 at CUTUP<br>",
DSCF0867.JPG,end,"ExWHYZ / mikina<br>'GIVE YOU MY WORD' Release Event<br>2026.02.23 at CUTUP<br>",
DSCF9275.JPG,,"ExWHYZ / maho<br>Special Live 'I'<br>-3rd Anniversary Final & Year End Party-<br>2025.12.27 at Kanadevia Hall<br>",
DSCF8864.JPG,,"ExWHYZ / maho<br>Special Live 'I'<br>-3rd Anniversary Final & Year End Party-<br>2025.12.27 at Kanadevia Hall<br>",
DSCF8834.JPG,,"ExWHYZ / maho<br>Special Live 'I'<br>-3rd Anniversary Final & Year End Party-<br>2025.12.27 at Kanadevia Hall<br>",
DSCF8774.JPG,,"ExWHYZ / mikina<br>Special Live 'I'<br>-3rd Anniversary Final & Year End Party-<br>2025.12.27 at Kanadevia Hall<br>",
DSCF8666-2.JPG,,"ExWHYZ / maho<br>Special Live 'I'<br>-3rd Anniversary Final & Year End Party-<br>2025.12.27 at Kanadevia Hall<br>",
DSCF8368.JPG,,"ExWHYZ / maho<br>Special Live 'I'<br>-3rd Anniversary Final & Year End Party-<br>2025.12.27 at Kanadevia Hall<br>",
DSCF8343.JPG,,"ExWHYZ / maho<br>Special Live 'I'<br>-3rd Anniversary Final & Year End Party-<br>2025.12.27 at Kanadevia Hall<br>",
IMG_0350.JPG,end,"ExWHYZ<br>TOUR 2025 'Wide Open'<br>2025.09.27 at Yokohama Bay Hall<br>",
IMG_0311.JPG,end,"ExWHYZ<br>TOUR 2025 'Wide Open'<br>2025.09.27 at Yokohama Bay Hall<br>",
DSCF3945.JPG,,"ExWHYZ / mayu<br>'iD' Release Event Final<br>2025.09.06 at CUTUP<br>",
DSCF3761.JPG,,"ExWHYZ / maho<br>'iD' Release Event Final<br>2025.09.06 at CUTUP<br>",
DSCF3288.JPG,,"ExWHYZ / mayu<br>'iD' Release Event Final<br>2025.09.06 at CUTUP<br>",
DSCF3167.JPG,,"ExWHYZ / maho<br>'iD' Release Event Final<br>2025.09.06 at CUTUP<br>",
DSCF2609.JPG,,"ExWHYZ / mikina<br>ライブナタリー<br>2025.09.03 at 渋谷duo MUSIC EXCHANGE<br>",
DSCF2556.JPG,,"ExWHYZ / mikina<br>ライブナタリー<br>2025.09.03 at 渋谷duo MUSIC EXCHANGE<br>",
DSCF1879.JPG,,"ExWHYZ / mikina<br>ライブナタリー<br>2025.09.03 at 渋谷duo MUSIC EXCHANGE<br>",
DSCF1431.JPG,,"ExWHYZ / mikina<br>#俺とお前のタオルフェス<br>2025.08.24 at CUTUP<br>",
DSCF9894-Enhanced-NR.JPG,,"ExWHYZ / maho & mikina<br>3rd Anniversary Special Live<br>'Our Step_Future'<br>2025.08.02 at LINE Cube Shibuya<br>",
DSCF9884-Enhanced-NR.JPG,,"ExWHYZ / maho<br>3rd Anniversary Special Live<br>'Our Step_Future'<br>2025.08.02 at LINE Cube Shibuya<br>",
DSCF9519-Enhanced-NR.JPG,,"ExWHYZ / maho<br>3rd Anniversary Special Live<br>'Our Step_Future'<br>2025.08.02 at LINE Cube Shibuya<br>",
DSCF9489-Enhanced-NR.JPG,,"ExWHYZ / maho<br>3rd Anniversary Special Live<br>'Our Step_Future'<br>2025.08.02 at LINE Cube Shibuya<br>",
DSCF9481.JPG,,"ExWHYZ / maho<br>3rd Anniversary Special Live<br>'Our Step_Future'<br>2025.08.02 at LINE Cube Shibuya<br>",
DSCF9051-Enhanced-NR.JPG,,"ExWHYZ / maho<br>3rd Anniversary Special Live<br>'Our Step_Future'<br>2025.08.02 at LINE Cube Shibuya<br>",
DSCF7664-Enhanced-NR.JPG,,"ExWHYZ / maho<br>'(unfinished) odds and ends'<br>2025.07.05 at 小樽GOLDSTONE<br>",
DSCF6439-Enhanced-NR.JPG,,"ExWHYZ / mikina<br>'(unfinished) odds and ends'<br>2025.07.05 at 小樽GOLDSTONE<br>",
feature_mikina.JPG,,"ExWHYZ / mikina<br>'(unfinished) odds and ends'<br>2025.07.05 at 小樽GOLDSTONE<br>",
DSCF6216-Enhanced-NR.JPG,,"ExWHYZ / maho<br>'(unfinished) odds and ends'<br>2025.07.05 at 小樽GOLDSTONE<br>",
DSCF5182-Enhanced-NR.JPG,,"ExWHYZ / maho<br>'(unfinished) odds and ends'<br>2025.06.13 at 柏PALOOZA<br>",
42A43E11-1A1A-40EA-A2D0-2FBBD970976F-95712-00000F66092CC459.jpg,,"ExWHYZ / maho<br>Agestock 2025<br>2025.03.02 at 代々木第一体育館<br>",
DSCF1039.JPG,,"ExWHYZ / maho<br>TOUR 2024 'HOPE' Final<br>2024.12.27 at Zepp DiverCity<br>",
DSCF0971-Enhanced-NR.JPG,,"ExWHYZ / maho<br>TOUR 2024 'HOPE' Final<br>2024.12.27 at Zepp DiverCity<br>",
DSCF0796-Enhanced-NR.JPG,,"ExWHYZ / maho<br>TOUR 2024 'HOPE' Final<br>2024.12.27 at Zepp DiverCity<br>",
DSCF0183-Enhanced-NR.JPG,,"ExWHYZ / maho<br>TOUR 2024 'HOPE' Final<br>2024.12.27 at Zepp DiverCity<br>",
DSCF9853-Enhanced-NR.JPG,,"ExWHYZ / mayu<br>TOUR 2024 'HOPE' Final<br>2024.12.27 at Zepp DiverCity<br>",
DSCF9826-Enhanced-NR.JPG,,"ExWHYZ / maho<br>TOUR 2024 'HOPE' Final<br>2024.12.27 at Zepp DiverCity<br>",
DSCF9662-Enhanced-NR.JPG,,"ExWHYZ / mikina<br>TOUR 2024 'HOPE' Final<br>2024.12.27 at Zepp DiverCity<br>",